original,expanded
DemocraciaMarcaEspaña,democraciamarcaespaña
DemocraciaMarcaEspaña,democraciamarcaespana
DemocraciaMarcaEspaña,DemocraciaMarcaEspana
DemocraciaMarcaEspaña,DemocraciaMarcaEspaña
CataluñaLibre,CatalunaLibre
CataluñaLibre,cataluñalibre
CataluñaLibre,catalunalibre
CataluñaLibre,CataluñaLibre
RepúblicaCatalana,repúblicacatalana
RepúblicaCatalana,RepublicaCatalana
RepúblicaCatalana,RepúblicaCatalana
RepúblicaCatalana,republicacatalana
IndependenciaCataluña,IndependenciaCataluna
IndependenciaCataluña,IndependenciaCataluña
IndependenciaCataluña,independenciacataluña
IndependenciaCataluña,independenciacataluna
FreePiolin,FreePiolin
FreePiolin,freepiolin
TotsSomCatalunya,TotsSomCatalunya
TotsSomCatalunya,totssomcatalunya
1ONoTincPor,1onotincpor
1ONoTincPor,1ONoTincPor
SpanishDictatorship,SpanishDictatorship
SpanishDictatorship,spanishdictatorship
spainispain,spainispain
CATvotaSí,catvotasi
CATvotaSí,CATvotaSi
CATvotaSí,CATvotaSí
CATvotaSí,catvotasí
SpanishRepression,SpanishRepression
SpanishRepression,spanishrepression
LetCatalansVote,LetCatalansVote
LetCatalansVote,letcatalansvote
Freedom4Catalonia,Freedom4Catalonia
Freedom4Catalonia,freedom4catalonia
marxem,marxem
1octL6,1octL6
1octL6,1octl6
ProuPuigdemont,ProuPuigdemont
ProuPuigdemont,proupuigdemont
OrgullososDeSerEspañoles,OrgullososDeSerEspañoles
OrgullososDeSerEspañoles,OrgullososDeSerEspanoles
OrgullososDeSerEspañoles,orgullososdeserespanoles
OrgullososDeSerEspañoles,orgullososdeserespañoles
NoALosPaísesCatalanes,NoALosPaisesCatalanes
NoALosPaísesCatalanes,noalospaísescatalanes
NoALosPaísesCatalanes,noalospaisescatalanes
NoALosPaísesCatalanes,NoALosPaísesCatalanes
CataluñaEsEspaña,catalunaesespana
CataluñaEsEspaña,cataluñaesespaña
CataluñaEsEspaña,CatalunaEsEspana
CataluñaEsEspaña,CataluñaEsEspaña
BarcelonaEsEspaña,barcelonaesespana
BarcelonaEsEspaña,BarcelonaEsEspana
BarcelonaEsEspaña,BarcelonaEsEspaña
BarcelonaEsEspaña,barcelonaesespaña
LongLiveTheUnityOfSpain,LongLiveTheUnityOfSpain
LongLiveTheUnityOfSpain,longlivetheunityofspain
EspañaUnida,EspañaUnida
EspañaUnida,EspanaUnida
EspañaUnida,espanaunida
EspañaUnida,españaunida
EspanaNoSeRompe,EspanaNoSeRompe
EspanaNoSeRompe,espananoserompe
ProuPuigdemont,ProuPuigdemont
ProuPuigdemont,proupuigdemont
DefiendeEspaña,DefiendeEspana
DefiendeEspaña,DefiendeEspaña
DefiendeEspaña,defiendeespaña
DefiendeEspaña,defiendeespana
DontDUIt,dontduit
DontDUIt,DontDUIt
PorLaUnidadDeEspaña,porlaunidaddeespaña
PorLaUnidadDeEspaña,porlaunidaddeespana
PorLaUnidadDeEspaña,PorLaUnidadDeEspana
PorLaUnidadDeEspaña,PorLaUnidadDeEspaña
contralaindependencia,contralaindependencia
CataloniaIsNotSpain,cataloniaisnotspain
CataloniaIsNotSpain,CataloniaIsNotSpain
CatalanReferendum,catalanreferendum
CatalanReferendum,CatalanReferendum
ReferendumCatalan,referendumcatalan
ReferendumCatalan,ReferendumCatalan
1Oct,1Oct
1Oct,1oct
referendumCAT,referendumCAT
referendumCAT,referendumcat
Votarem,Votarem
Votarem,votarem
referéndum,referéndum
referéndum,referendum
1O,1o
1O,1O
CatalanReferendum2017,catalanreferendum2017
CatalanReferendum2017,CatalanReferendum2017
JoVoto,JoVoto
JoVoto,jovoto
1Oct2017,1oct2017
1Oct2017,1Oct2017
1Oct2017votarem,1oct2017votarem
1Oct2017votarem,1Oct2017votarem
ref1oct,ref1oct
CatalanIndyref,CatalanIndyref
CatalanIndyref,catalanindyref
CatalanRef2017,CatalanRef2017
CatalanRef2017,catalanref2017
referendum1deoctubre,referendum1deoctubre
Ref1oct,Ref1oct
Ref1oct,ref1oct
DefiendeLaDemocracia,defiendelademocracia
DefiendeLaDemocracia,DefiendeLaDemocracia
